City_ID,City,Country,Date,lat,lng,Max Temp,Humidity,Cloudiness,Wind Speed
0,Sitka,US,4/2/2022 18:25,57.0531,-135.33,44.49,57,100,17.27
1,Hithadhoo,MV,4/2/2022 18:26,-0.6,73.0833,83.3,68,17,4.54
2,Avera,US,4/2/2022 18:26,33.194,-82.5271,72.37,42,50,4.45
3,Bluff,NZ,4/2/2022 18:26,-46.6,168.3333,57.27,72,80,19.37
4,Butaritari,KI,4/2/2022 18:26,3.0707,172.7902,81.19,76,55,15.32
5,Port Alfred,ZA,4/2/2022 18:26,-33.5906,26.891,64.18,88,100,3
6,Mangawan,IN,4/2/2022 18:26,24.6833,81.55,83.77,7,0,5.59
7,Ushuaia,AR,4/2/2022 18:26,-54.8,-68.3,40.66,87,100,2.3
8,Pevek,RU,4/2/2022 18:26,69.7008,170.3133,-9.4,97,100,2.37
9,Ofaqim,IL,4/2/2022 18:26,31.3141,34.6203,71.53,37,100,3.24
10,Mataura,NZ,4/2/2022 18:26,-46.1927,168.8643,49.14,93,89,3.49
11,Mangoso,PH,4/2/2022 18:26,11.4175,122.6382,74.84,89,60,3.6
12,Kaspiysk,RU,4/2/2022 18:26,42.8816,47.6392,46.58,93,22,6.71
13,Barrow,US,4/2/2022 18:26,71.2906,-156.7887,-9.38,77,0,11.5
14,Bagado,CO,4/2/2022 18:26,5.4116,-76.4152,87.15,63,58,3.91
15,Ambon,ID,4/2/2022 18:26,-3.6954,128.1814,71.74,100,40,6.91
16,Husavik,IS,4/2/2022 18:26,66.0449,-17.3389,37.8,91,100,4.25
17,Port Elizabeth,ZA,4/2/2022 18:26,-33.918,25.5701,64.09,91,75,2.3
18,Rikitea,PF,4/2/2022 18:26,-23.1203,-134.9692,73.99,57,57,7.2
19,Punta Arenas,CL,4/2/2022 18:24,-53.15,-70.9167,42.91,87,75,12.66
20,Banjarmasin,ID,4/2/2022 18:26,-3.3244,114.591,77.14,88,84,2.55
21,Ponta Do Sol,PT,4/2/2022 18:26,32.6667,-17.1,63.72,80,95,7.36
22,Sampit,ID,4/2/2022 18:26,-2.5333,112.95,75.49,95,97,2.28
23,Padang,ID,4/2/2022 18:26,-0.9492,100.3543,76.42,81,34,3.89
24,Monte Patria,CL,4/2/2022 18:26,-30.6919,-70.9467,77.04,38,0,7.47
25,Isangel,VU,4/2/2022 18:26,-19.55,169.2667,79.83,87,100,6.35
26,Registro,BR,4/2/2022 18:24,-24.4875,-47.8436,67.59,97,100,2.42
27,Kaeo,NZ,4/2/2022 18:26,-35.1,173.7833,59.32,96,88,2.33
28,Jamestown,US,4/2/2022 18:26,42.097,-79.2353,46.53,41,0,9.22
29,Shache,CN,4/2/2022 18:26,38.4167,77.2406,61.16,23,100,1.97
30,New Norfolk,AU,4/2/2022 18:26,-42.7826,147.0587,54.9,69,77,0.56
31,Hami,CN,4/2/2022 18:26,42.8,93.45,54.28,13,19,3.2
32,Gao,ML,4/2/2022 18:23,16.6362,1.637,94.32,3,43,8.14
33,Karratha,AU,4/2/2022 18:26,-20.7377,116.8463,81.64,76,30,7.63
34,Puerto Escondido,MX,4/2/2022 18:24,15.85,-97.0667,85.03,79,0,9.22
35,Medak,IN,4/2/2022 18:26,18.0333,78.2667,86.4,28,8,8.39
36,San Cristobal,VE,4/2/2022 18:26,7.7669,-72.225,86.18,44,32,7.47
37,Avarua,CK,4/2/2022 18:26,-21.2078,-159.775,77.05,94,100,1.14
38,Aswan,EG,4/2/2022 18:26,24.0934,32.907,96.1,9,0,5.75
39,Albany,US,4/2/2022 18:26,42.6001,-73.9662,49.46,38,5,5.01
40,Zaplavnoye,RU,4/2/2022 18:26,48.7048,45.0229,64.85,45,100,7.96
41,Busselton,AU,4/2/2022 18:26,-33.65,115.3333,71.17,76,94,7.02
42,Biak,ID,4/2/2022 18:26,-0.9131,122.8766,76.28,87,100,5.97
43,Pedernales,DO,4/2/2022 18:26,18.0384,-71.744,85.24,54,0,5.93
44,Grindavik,IS,4/2/2022 18:26,63.8424,-22.4338,46.87,100,100,20.71
45,Shitanjing,CN,4/2/2022 18:26,39.2342,106.3439,40.71,22,2,6.98
46,Khatanga,RU,4/2/2022 18:26,71.9667,102.5,0.41,97,100,5.75
47,Bima,ID,4/2/2022 18:26,-8.4667,118.7167,74.98,93,21,2.08
48,Upernavik,GL,4/2/2022 18:27,72.7868,-56.1549,14.97,93,98,12.66
49,Pryyutivka,UA,4/2/2022 18:27,48.7209,33.0708,48.92,81,100,11.9
50,Faanui,PF,4/2/2022 18:27,-16.4833,-151.75,81.09,76,99,6.04
51,Cape Town,ZA,4/2/2022 18:24,-33.9258,18.4232,67.26,71,20,17.27
52,Beni Mazar,EG,4/2/2022 18:27,28.4962,30.8029,82.36,8,72,11.14
53,Mawlaik,MM,4/2/2022 18:27,23.6333,94.4167,78.31,65,80,2.8
54,Muli,MV,4/2/2022 18:27,2.9167,73.5667,83.19,67,75,1.5
55,Thompson,CA,4/2/2022 18:27,55.7435,-97.8558,23.16,58,40,4.61
56,Aksay,RU,4/2/2022 18:27,47.26,39.87,63.25,52,56,13
57,Lata,PT,4/2/2022 18:27,40.1629,-8.3327,58.91,38,45,7.78
58,Lorengau,PG,4/2/2022 18:27,-2.0226,147.2712,78.04,85,100,3.2
59,Kavieng,PG,4/2/2022 18:27,-2.5744,150.7967,77.43,88,100,7.52
60,Hobart,AU,4/2/2022 18:27,-42.8794,147.3294,55.26,84,100,8.05
61,East Wenatchee Bench,US,4/2/2022 18:27,47.4257,-120.2812,55.29,35,0,19.57
62,Longyearbyen,SJ,4/2/2022 18:27,78.2186,15.6401,1.24,66,20,9.22
63,Martapura,ID,4/2/2022 18:27,-3.4167,114.85,77.09,100,63,3.44
64,Melilla,ES,4/2/2022 18:27,35.2937,-2.9383,59.2,67,20,8.05
65,Tomatlan,MX,4/2/2022 18:27,19.9333,-105.25,86.58,36,61,9.06
66,Fortuna,US,4/2/2022 18:27,40.5982,-124.1573,57.92,69,0,13.8
67,Gornopravdinsk,RU,4/2/2022 18:27,60.05,69.9,11.75,99,60,1.19
68,Bredasdorp,ZA,4/2/2022 18:27,-34.5322,20.0403,61.79,79,69,14.79
69,Tinde,TZ,4/2/2022 18:27,-3.8833,33.2,69.58,78,92,6.26
70,Dalvik,IS,4/2/2022 18:27,65.9702,-18.5286,39.13,96,100,1.68
71,Beloha,MG,4/2/2022 18:27,-25.1667,45.05,73.58,57,0,5.06
72,Lompoc,US,4/2/2022 18:27,34.6391,-120.4579,66.69,72,100,7
73,Cloquet,US,4/2/2022 18:27,46.7216,-92.4594,40.87,68,100,10.36
74,Mount Gambier,AU,4/2/2022 18:27,-37.8333,140.7667,53.51,94,79,8.05
75,Hilo,US,4/2/2022 18:27,19.7297,-155.09,71.26,88,100,4.61
76,Port Jervis,US,4/2/2022 18:26,41.3751,-74.6927,50.86,40,85,8.3
77,Salalah,OM,4/2/2022 18:27,17.0151,54.0924,80.69,78,0,2.3
78,Kavali,IN,4/2/2022 18:27,14.9167,79.9833,78.28,92,4,6.69
79,Brokopondo,SR,4/2/2022 18:27,4.75,-55.1667,81.27,82,94,8.03
80,Chokurdakh,RU,4/2/2022 18:24,70.6333,147.9167,-3.57,95,100,5.41
81,Vanderhoof,CA,4/2/2022 18:27,54.0166,-124.0198,41.79,44,85,4.99
82,Ust-Nera,RU,4/2/2022 18:27,64.5667,143.2,-7.55,99,98,1.5
83,Hermanus,ZA,4/2/2022 18:27,-34.4187,19.2345,61.81,76,90,16.89
84,Torbay,CA,4/2/2022 18:27,47.6666,-52.7314,42.58,91,100,19.57
85,Kharp,RU,4/2/2022 18:27,66.8014,65.8081,2.95,99,62,5.17
86,Codrington,AU,4/2/2022 18:28,-38.2667,141.9667,54.55,90,90,6.85
87,Matay,EG,4/2/2022 18:28,28.419,30.7792,82.45,8,72,10.92
88,East London,ZA,4/2/2022 18:28,-33.0153,27.9116,63.54,100,75,2.3
89,Constitucion,CL,4/2/2022 18:29,-35.3333,-72.4167,65.16,62,7,14.85
90,Saint-Philippe,RE,4/2/2022 18:29,-21.3585,55.7679,75.22,97,100,22.53
91,Raudeberg,NO,4/2/2022 18:29,61.9875,5.1352,36.27,91,100,6.49
92,Kapaa,US,4/2/2022 18:29,22.0752,-159.319,73.38,94,75,19.57
93,Benton Harbor,US,4/2/2022 18:25,42.1167,-86.4542,45.25,62,100,13.8
94,Georgetown,MY,4/2/2022 18:29,5.4112,100.3354,78.73,88,20,3.44
95,Cidreira,BR,4/2/2022 18:29,-30.1811,-50.2056,71.55,69,10,14.05
96,Upata,VE,4/2/2022 18:29,8.0086,-62.3989,93.88,25,32,6.55
97,Save,BJ,4/2/2022 18:29,8.0425,2.486,91.92,37,99,11.63
98,Rocha,UY,4/2/2022 18:29,-34.4833,-54.3333,73.38,42,0,11.1
99,Los Llanos De Aridane,ES,4/2/2022 18:29,28.6585,-17.9182,62.35,82,75,9.22
100,Kruisfontein,ZA,4/2/2022 18:29,-34.0033,24.7314,61.88,89,88,8.95
101,Dongzhen,CN,4/2/2022 18:29,22.3797,110.9389,56.14,86,88,4.74
102,Port Hedland,AU,4/2/2022 18:29,-20.3167,118.5667,84.25,74,53,9.22
103,Sao Felix Do Xingu,BR,4/2/2022 18:29,-6.6447,-51.995,88.16,58,14,4.41
104,Lebu,CL,4/2/2022 18:29,-37.6167,-73.65,59.23,97,99,8.01
105,Chuy,UY,4/2/2022 18:29,-33.6971,-53.4616,70.95,50,57,9.08
106,Ribeira Grande,PT,4/2/2022 18:29,38.5167,-28.7,63,63,20,13.8
107,Wenchi,GH,4/2/2022 18:29,7.7392,-2.1046,86.58,53,93,4.83
108,Teya,RU,4/2/2022 18:29,60.3778,92.6267,1.29,100,83,3.31
109,Esperance,AU,4/2/2022 18:29,-33.8667,121.9,66.04,57,1,13.22
110,Yeppoon,AU,4/2/2022 18:29,-23.1333,150.7333,69.58,73,0,14.03
111,Tasiilaq,GL,4/2/2022 18:29,65.6145,-37.6368,33.96,94,100,21.47
112,Zlitan,LY,4/2/2022 18:28,32.4674,14.5687,60.26,79,1,15.39
113,Touros,BR,4/2/2022 18:29,-5.1989,-35.4608,84.16,70,100,13.06
114,Hovd,MN,4/2/2022 18:29,48.0056,91.6419,38.93,32,100,6.91
115,Talnakh,RU,4/2/2022 18:29,69.4865,88.3972,3.97,97,100,4
116,Bethel,US,4/2/2022 18:27,41.3712,-73.414,52.2,43,0,9.22
117,Atuona,PF,4/2/2022 18:29,-9.8,-139.0333,79.07,76,17,13.98
118,Yar-Sale,RU,4/2/2022 18:29,66.8333,70.8333,1.08,95,40,7.94
119,Yulara,AU,4/2/2022 18:29,-25.2406,130.9889,58.84,41,1,6.91
120,Hasaki,JP,4/2/2022 18:29,35.7333,140.8333,45,63,100,10.47
121,Santa Marta,CO,4/2/2022 18:24,11.2408,-74.199,93.25,65,20,10.36
122,San Quintin,MX,4/2/2022 18:29,30.4833,-115.95,61.07,66,99,4.63
123,Provideniya,RU,4/2/2022 18:29,64.3833,-173.3,9.5,65,2,10.18
124,Malanje,AO,4/2/2022 18:29,-9.5402,16.341,66.02,96,99,4.79
125,Luanda,AO,4/2/2022 18:29,-8.8368,13.2343,78.8,89,40,8.05
126,Tiksi,RU,4/2/2022 18:29,71.6872,128.8694,-4.83,100,100,3.24
127,Kloulklubed,PW,4/2/2022 18:29,7.0419,134.2556,82.45,72,100,4.59
128,Geraldton,AU,4/2/2022 18:29,-28.7667,114.6,73.81,94,75,6.91
129,Izumo,JP,4/2/2022 18:29,35.3667,132.7667,35.55,83,0,4.65
130,Airai,TL,4/2/2022 18:29,-8.9266,125.4092,57.4,79,23,1.28
131,Bilma,NE,4/2/2022 18:29,18.6853,12.9164,88.95,4,96,5.3
132,Saskylakh,RU,4/2/2022 18:29,71.9167,114.0833,2.93,97,99,9.84
133,Dikson,RU,4/2/2022 18:29,73.5069,80.5464,-8.1,100,97,7.72
134,San Policarpo,PH,4/2/2022 18:30,12.1791,125.5072,79.07,79,29,13.69
135,Arraial Do Cabo,BR,4/2/2022 18:27,-22.9661,-42.0278,78.76,83,75,9.22
136,Shimoda,JP,4/2/2022 18:30,34.6667,138.95,45.1,85,100,9.44
137,Vaini,TO,4/2/2022 18:30,-21.2,-175.2,73.56,94,75,0
138,Katsuura,JP,4/2/2022 18:30,35.1333,140.3,51.98,66,100,9.86
139,Khirkiya,IN,4/2/2022 18:30,22.1674,76.8605,89.46,16,95,6.73
140,Praia Da Vitoria,PT,4/2/2022 18:27,38.7333,-27.0667,64.65,72,20,9.82
141,Severo-Kurilsk,RU,4/2/2022 18:30,50.6789,156.125,27.46,67,100,28.86
142,Cabo San Lucas,MX,4/2/2022 18:30,22.8909,-109.9124,77.61,62,46,11.45
143,Jieshi,CN,4/2/2022 18:30,22.8134,115.8257,57.94,81,100,9.35
144,Rio Gallegos,AR,4/2/2022 18:30,-51.6226,-69.2181,53.65,54,40,24.16
145,Maniitsoq,GL,4/2/2022 18:30,65.4167,-52.9,32.4,83,100,3.98
146,Sao Filipe,CV,4/2/2022 18:30,14.8961,-24.4956,72.5,76,12,10.31
147,Coihaique,CL,4/2/2022 18:30,-45.5752,-72.0662,50.61,76,75,6.91
148,Swan Hill,AU,4/2/2022 18:30,-35.3378,143.5544,59.38,71,100,4.61
149,Porbandar,IN,4/2/2022 18:30,21.6422,69.6093,78.91,76,0,7.18
150,Kichera,RU,4/2/2022 18:30,55.9375,110.0997,33.64,92,100,14.2
151,Kailua,US,4/2/2022 18:30,21.4022,-157.7394,78.78,69,8,7
152,Port Lincoln,AU,4/2/2022 18:30,-34.7333,135.8667,59.74,81,48,8.99
153,Road Town,VG,4/2/2022 18:28,18.4167,-64.6167,80.69,74,75,10.36
154,Wewak,PG,4/2/2022 18:30,-3.5534,143.6268,76.95,88,100,3.18
155,Monteagudo,BO,4/2/2022 18:30,-19.8167,-63.9833,78.06,37,23,7.65
156,Nemuro,JP,4/2/2022 18:30,43.3236,145.575,33.67,79,3,13.13
157,Castro,BR,4/2/2022 18:30,-24.7911,-50.0119,63.12,87,100,7.52
158,Kodiak,US,4/2/2022 18:30,57.79,-152.4072,33.31,93,100,3.44
159,Tuktoyaktuk,CA,4/2/2022 18:30,69.4541,-133.0374,-18.4,76,75,10.36
160,Edd,ER,4/2/2022 18:30,13.9297,41.6925,89.44,39,0,19.3
161,Te Anau,NZ,4/2/2022 18:30,-45.4167,167.7167,46.06,86,55,0.78
162,Mahebourg,MU,4/2/2022 18:30,-20.4081,57.7,75.49,100,75,9.22
163,Mar Del Plata,AR,4/2/2022 18:29,-38.0023,-57.5575,69.82,61,0,21.99
164,Hirara,JP,4/2/2022 18:30,24.8,125.2833,66.11,85,100,29.26
165,Keflavik,IS,4/2/2022 18:30,64.0049,-22.5624,46.83,100,100,20.71
166,Bria,CF,4/2/2022 18:30,6.5423,21.9863,82.99,41,22,5.19
167,Carnarvon,AU,4/2/2022 18:30,-24.8667,113.6333,77.07,83,40,8.05
168,Monrovia,LR,4/2/2022 18:30,6.3005,-10.7969,83.97,86,100,11.99
169,Haimen,CN,4/2/2022 18:30,23.1935,116.6142,57.09,82,100,8.84
170,Saint-Denis,FR,4/2/2022 18:30,48.9167,2.3333,43.29,52,0,12.66
171,Makakilo City,US,4/2/2022 18:30,21.3469,-158.0858,77.32,62,40,23.02
172,Souillac,MU,4/2/2022 18:30,-20.5167,57.5167,75.58,100,75,9.22
173,Yellowknife,CA,4/2/2022 18:30,62.456,-114.3525,1.29,54,20,6.91
174,Broken Hill,AU,4/2/2022 18:30,-31.95,141.4333,49.71,57,7,0
175,Petrov Val,RU,4/2/2022 18:30,50.1434,45.2096,58.75,61,100,10.31
176,Houston,US,4/2/2022 18:29,29.7633,-95.3633,82.35,67,75,8.05
177,Qaqortoq,GL,4/2/2022 18:30,60.7167,-46.0333,37.8,94,100,3.2
178,Itarema,BR,4/2/2022 18:30,-2.9248,-39.9167,79.5,85,55,12.62
179,Pisco,PE,4/2/2022 18:30,-13.7,-76.2167,71.65,68,0,8.05
180,Vostok,RU,4/2/2022 18:30,46.4856,135.8833,19.89,84,12,7.18
181,Bilibino,RU,4/2/2022 18:30,68.0546,166.4372,-2.2,90,97,3.47
182,Tuatapere,NZ,4/2/2022 18:31,-46.1333,167.6833,47.26,93,40,2.86
183,Tselina,RU,4/2/2022 18:31,46.5338,41.0328,60.13,55,0,16.53
184,Deputatskiy,RU,4/2/2022 18:31,69.3,139.9,-20.74,100,99,2.04
185,Gallup,US,4/2/2022 18:31,35.5281,-108.7426,65.16,23,0,13.8
186,Birin,NP,4/2/2022 18:31,26.8865,88.0718,61.43,77,91,3.02
187,Choix,MX,4/2/2022 18:31,26.7092,-108.3219,90.21,11,10,7.2
188,Wiwili,NI,4/2/2022 18:31,13.6268,-85.8254,95.09,28,1,10.38
189,Progreso,MX,4/2/2022 18:31,21.2833,-89.6667,92.48,43,90,5.28
190,Brae,GB,4/2/2022 18:31,60.3964,-1.353,40.5,62,98,13.58
191,Seoul,KR,4/2/2022 18:31,37.5683,126.9778,38.64,81,0,3.44
192,Kortkeros,RU,4/2/2022 18:31,61.8106,51.5806,24.8,94,100,4.16
193,Caravelas,BR,4/2/2022 18:31,-17.7125,-39.2481,82.9,63,0,7.38
194,Naryan-Mar,RU,4/2/2022 18:31,67.6713,53.087,2.1,98,65,6.42
195,Okhotsk,RU,4/2/2022 18:31,59.3833,143.3,2.62,87,57,8.86
196,Norman Wells,CA,4/2/2022 18:31,65.282,-126.8329,-11.16,53,20,4.61
197,Saint George,US,4/2/2022 18:31,37.1041,-113.5841,76.62,24,0,3.44
198,Vao,NC,4/2/2022 18:31,-22.6667,167.4833,78.93,87,100,19.53
199,Trat,TH,4/2/2022 18:31,12.5,102.5,66.85,81,100,12.01
200,Roald,NO,4/2/2022 18:31,62.5833,6.1333,38.75,93,75,14.97
201,Paamiut,GL,4/2/2022 18:31,61.994,-49.6678,34.07,89,90,2.39
202,Fare,PF,4/2/2022 18:31,-16.7,-151.0167,81.57,76,100,8.01
203,Harqalah,TN,4/2/2022 18:31,36.0303,10.509,60.66,36,84,11.5
204,Kenai,US,4/2/2022 18:31,60.5544,-151.2583,36.03,75,20,6.91
205,Rawson,AR,4/2/2022 18:31,-43.3002,-65.1023,80.71,24,10,14.58
206,Ancud,CL,4/2/2022 18:31,-41.8697,-73.8203,51.22,65,100,17.76
207,Rincon,US,4/2/2022 18:31,32.296,-81.2354,70.86,56,100,9.22
208,San Rafael,AR,4/2/2022 18:31,-34.6177,-68.3301,78.19,16,0,13.42
209,Zhanakorgan,KZ,4/2/2022 18:31,43.9098,67.2495,59.99,29,0,5.57
210,Santa Lucia,ES,4/2/2022 18:31,27.9117,-15.5407,58.77,59,75,4.61
211,Las Palmas,ES,4/2/2022 18:31,28.4204,-14.0131,63.39,63,75,6.91
212,Lavrentiya,RU,4/2/2022 18:31,65.5833,-171,4.87,77,1,11.14
213,Pangai,TO,4/2/2022 18:31,-19.8,-174.35,78.91,78,20,4.61
214,Vila Franca Do Campo,PT,4/2/2022 18:31,37.7167,-25.4333,61.21,71,2,4.97
215,Port Shepstone,ZA,4/2/2022 18:31,-30.7414,30.455,70.21,94,100,2.82
216,Russkaya Polyana,UA,4/2/2022 18:31,49.417,31.9201,42.67,83,96,13.65
217,Klaksvik,FO,4/2/2022 18:31,62.2266,-6.589,45.52,88,100,18.86
218,Bogande,BF,4/2/2022 18:31,12.9714,-0.1436,96.39,23,100,8.48
219,Cherskiy,RU,4/2/2022 18:31,68.75,161.3,-14.51,100,96,0.72
220,Haines Junction,CA,4/2/2022 18:31,60.7522,-137.5108,33.75,51,97,2.3
221,Djibo,BF,4/2/2022 18:31,14.1022,-1.6306,94.64,5,80,7.85
222,Gikongoro,RW,4/2/2022 18:31,-2.464,29.5739,57.63,95,70,4.18
223,Bathsheba,BB,4/2/2022 18:31,13.2167,-59.5167,81.21,65,75,26.46
224,Bengkulu,ID,4/2/2022 18:28,-3.8004,102.2655,76.53,81,93,4.81
225,Belcista,MK,4/2/2022 18:31,41.3028,20.8303,38.35,87,75,8.05
226,Nikolskoye,RU,4/2/2022 18:31,59.7035,30.7861,30.09,96,10,3.74
227,Yazoo City,US,4/2/2022 18:31,32.8551,-90.4056,69.71,42,8,5.19
228,Cleveland,US,4/2/2022 18:28,41.4995,-81.6954,51.98,50,0,10.36
229,Vanimo,PG,4/2/2022 18:31,-2.6741,141.3028,76.95,92,100,4.65
230,Kununurra,AU,4/2/2022 18:31,-15.7667,128.7333,69.78,83,59,0
231,Srednekolymsk,RU,4/2/2022 18:31,67.45,153.6833,-14.98,100,88,4.61
232,Tambura,SS,4/2/2022 18:32,5.6,27.4667,82.53,40,50,2.06
233,Scalea,IT,4/2/2022 18:32,39.813,15.7956,48.67,75,100,19.46
234,Khorinsk,RU,4/2/2022 18:32,52.1657,109.7726,30.51,74,93,4.21
235,Port Moresby,PG,4/2/2022 18:32,-9.4431,147.1797,72.82,94,40,4.61
236,Ilulissat,GL,4/2/2022 18:32,69.2167,-51.1,35.62,55,20,3.44
237,Jalu,LY,4/2/2022 18:32,29.0331,21.5482,78.51,11,100,6.67
238,Komsomolskiy,UZ,4/2/2022 18:32,40.4272,71.7189,59.72,55,0,6.91
239,Dum Duma,IN,4/2/2022 18:32,27.5667,95.5667,67.96,87,48,2.01
240,Narsaq,GL,4/2/2022 18:32,60.9167,-46.05,41.22,89,99,3.38
241,Westport,US,4/2/2022 18:32,41.1415,-73.3579,54.27,39,0,8.05
242,Juli,PE,4/2/2022 18:32,-16.2167,-69.45,48.2,69,64,4.68
243,Marfino,RU,4/2/2022 18:32,55.7028,37.3822,31.95,92,100,13.42
244,Bagdarin,RU,4/2/2022 18:32,54.4333,113.6,25.79,81,100,6.82
245,Palana,RU,4/2/2022 18:32,59.1167,159.9667,14.43,95,100,3.09
246,Ngunguru,NZ,4/2/2022 18:32,-35.6167,174.5,62.89,85,100,3.78
247,Havoysund,NO,4/2/2022 18:32,70.9963,24.6622,28.63,87,100,23.87
248,Luderitz,NA,4/2/2022 18:32,-26.6481,15.1594,62.01,78,0,16.37
249,Ocos,GT,4/2/2022 18:32,14.5094,-92.1933,86.18,61,0,12.3
250,Afrikanda,RU,4/2/2022 18:32,67.4429,32.7828,20.62,95,100,8.23
251,Coquimbo,CL,4/2/2022 18:32,-29.9533,-71.3436,64.51,70,4,4.92
252,Palmerston,AU,4/2/2022 18:30,-12.486,130.9833,82.38,87,40,6.91
253,Eucaliptus,BO,4/2/2022 18:32,-17.5833,-67.5167,58.15,44,86,14.36
254,Kihei,US,4/2/2022 18:32,20.785,-156.4656,75.85,77,40,18.41
255,Coromandel,BR,4/2/2022 18:32,-18.4733,-47.2003,78.37,56,89,2.71
256,Tokmak,UA,4/2/2022 18:32,47.2514,35.7058,55.74,67,100,20.45
257,Bonavista,CA,4/2/2022 18:32,48.6499,-53.1147,35.89,96,100,20.54
258,Ippy,CF,4/2/2022 18:32,6.2679,21.2247,80.1,52,17,4.9
259,Muroto,JP,4/2/2022 18:32,33.2833,134.15,52.66,58,100,10.8
260,Kattivakkam,IN,4/2/2022 18:32,13.2167,80.3167,84.29,88,6,10.27
261,Gerash,IR,4/2/2022 18:32,27.6652,54.1371,71.74,22,0,2.33
262,Ostersund,SE,4/2/2022 18:32,63.1792,14.6357,31.6,74,100,13.8
263,Sitio Novo Do Tocantins,BR,4/2/2022 18:32,-5.5183,-47.4611,91.33,70,40,8.05
264,Tonj,SS,4/2/2022 18:32,7.2737,28.6822,87.87,35,63,5.03
265,Ziarat,PK,4/2/2022 18:33,30.3823,67.7282,52.39,17,0,7.7
266,Bull Savanna,JM,4/2/2022 18:33,17.8868,-77.5902,82.56,61,20,19.44
267,Sioux Lookout,CA,4/2/2022 18:33,50.1001,-91.917,35.67,69,100,10.36
268,Tongliao,CN,4/2/2022 18:33,43.6125,122.2653,42.33,30,61,12.24
269,Katav-Ivanovsk,RU,4/2/2022 18:33,54.7531,58.1956,40.91,89,100,7.63
270,Chara,RU,4/2/2022 18:33,56.9064,118.2631,21.9,94,100,1.45
271,Nha Trang,VN,4/2/2022 18:28,12.25,109.1833,78.8,82,100,11.3
272,Hervey Bay,AU,4/2/2022 18:33,-25.2986,152.8535,68.02,90,0,5.99
273,Bogandinskiy,RU,4/2/2022 18:33,56.8937,65.8938,28.67,98,100,8.14
274,Berlevag,NO,4/2/2022 18:33,70.8578,29.0864,22.8,92,100,14.23
275,Grand Gaube,MU,4/2/2022 18:33,-20.0064,57.6608,75.6,92,100,5.99
276,Ligayan,PH,4/2/2022 18:33,4.6533,119.4706,82.36,76,100,11.07
277,New Ulm,US,4/2/2022 18:33,44.3125,-94.4605,51.57,55,40,23.02
278,Ampanihy,MG,4/2/2022 18:34,-24.7,44.75,73.67,56,0,5.3
279,Lokosovo,RU,4/2/2022 18:34,61.1333,74.8167,9.79,99,78,4
280,Kalmar,SE,4/2/2022 18:34,56.6616,16.3616,31.96,73,6,2.3
281,Meadow Lake,US,4/2/2022 18:34,34.8014,-106.5436,70.61,18,0,8.72
282,Comodoro Rivadavia,AR,4/2/2022 18:34,-45.8667,-67.5,71.46,35,20,14.97
283,Clyde River,CA,4/2/2022 18:34,70.4692,-68.5914,12.43,92,100,8.05
284,Puerto Ayora,EC,4/2/2022 18:31,-0.7393,-90.3518,87.76,91,56,5.99
285,Andenes,NO,4/2/2022 18:34,69.3143,16.1194,31.98,74,75,19.57
286,Bambanglipuro,ID,4/2/2022 18:34,-7.95,110.2833,76.44,86,100,2.57
287,Rumoi,JP,4/2/2022 18:34,43.9344,141.6428,36.86,83,20,13.22
288,Qaanaaq,GL,4/2/2022 18:34,77.484,-69.3632,14.59,84,88,4.23
289,Sibu,MY,4/2/2022 18:34,2.3,111.8167,73.71,94,40,1.14
290,Maralal,KE,4/2/2022 18:34,1.0968,36.698,63.01,69,100,12.33
291,Garowe,SO,4/2/2022 18:34,8.4054,48.4845,75.96,68,6,17.2
292,Belyy Yar,RU,4/2/2022 18:34,53.6039,91.3903,36.86,93,75,8.95
293,Aberdeen,GB,4/2/2022 18:34,57.1437,-2.0981,43.29,73,100,2.3
294,Najran,SA,4/2/2022 18:33,17.4924,44.1277,72.25,16,0,3.83
295,Cockburn Town,TC,4/2/2022 18:34,21.4612,-71.1419,78.76,65,40,19.57
296,Baculin,PH,4/2/2022 18:34,7.4525,126.5842,76.3,90,100,5.82
297,Marovoay,MG,4/2/2022 18:34,-16.1,46.6333,76.68,75,0,1.54
298,Yerbogachen,RU,4/2/2022 18:34,61.2767,108.0108,1.58,98,99,5.32
299,Changji,CN,4/2/2022 18:34,44.0167,87.3167,52.59,43,0,6.71
300,Severnyy-Kospashskiy,RU,4/2/2022 18:34,59.0925,57.8008,25.61,47,100,9.62
301,Southbridge,US,4/2/2022 18:34,42.0751,-72.0334,53.29,36,7,7
302,Piney Green,US,4/2/2022 18:34,34.716,-77.3202,66.18,36,0,6.91
303,Sinnamary,GF,4/2/2022 18:34,5.3833,-52.95,78.94,85,98,15.08
304,Fonte Boa,BR,4/2/2022 18:34,-2.4959,-66.2662,74.43,92,100,5.82
305,Victoria,HK,4/2/2022 18:30,22.2855,114.1577,62.26,70,99,5.99
306,Muros,ES,4/2/2022 18:34,42.7762,-9.0603,53.83,51,0,17.09
307,Iqaluit,CA,4/2/2022 18:33,63.7506,-68.5145,26.33,86,100,9.22
308,Sobolevo,RU,4/2/2022 18:34,54.4299,31.8996,30.61,95,100,17.81
309,Alofi,NU,4/2/2022 18:34,-19.0595,-169.9187,71.49,100,68,1.14
310,Graham,US,4/2/2022 18:34,47.0529,-122.2943,51.84,67,100,12.66
311,Berdigestyakh,RU,4/2/2022 18:34,62.0989,126.6992,20.82,96,100,4.9
312,Ajdabiya,LY,4/2/2022 18:34,30.7554,20.2263,71.8,27,100,7.34
313,Benton,US,4/2/2022 18:30,36.3334,-94.3335,64.53,61,20,14.97
314,Sunrise Manor,US,4/2/2022 18:34,36.2111,-115.0731,80.69,20,0,8.05
315,Katobu,ID,4/2/2022 18:34,-4.9408,122.5276,74.14,92,100,0.85
316,Ibra,OM,4/2/2022 18:34,22.6906,58.5334,78.4,29,11,2.15
317,Auki,SB,4/2/2022 18:34,-8.7676,160.7034,76.66,85,100,4.59
318,Cabra,ES,4/2/2022 18:34,37.4725,-4.4421,53.65,33,100,4
319,Bambous Virieux,MU,4/2/2022 18:34,-20.3428,57.7575,75.45,100,75,9.22
320,Lokomotivnyy,RU,4/2/2022 18:34,53.0118,60.5684,36.91,91,100,11.83
321,Severomuysk,RU,4/2/2022 18:34,56.1481,113.4267,22.53,91,100,11.65
322,Zhezkazgan,KZ,4/2/2022 18:34,47.8043,67.7144,47.12,54,81,6.76
323,Santa Fe,AR,4/2/2022 18:33,-31.6333,-60.7,75.99,37,0,8.01
324,Strezhevoy,RU,4/2/2022 18:34,60.7333,77.5889,17.15,92,87,6.2
325,Yarada,IN,4/2/2022 18:35,17.65,83.2667,82.72,83,40,5.75
326,Zaozerne,UA,4/2/2022 18:35,45.1582,33.2787,49.64,87,1,15.88
327,Tabas,IR,4/2/2022 18:35,33.5959,56.9244,73.22,13,0,4.68
328,Hunchun,CN,4/2/2022 18:35,42.8675,130.3581,35.58,57,0,2.17
329,Suraabad,AZ,4/2/2022 18:35,40.8192,49.4687,65.68,43,7,19.75
330,Valparaiso,CL,4/2/2022 18:35,-33.0393,-71.6273,60.44,72,75,11.5
331,Tres Arroyos,AR,4/2/2022 18:35,-38.3739,-60.2798,70.7,37,0,18.21
332,Rabat,MA,4/2/2022 18:35,33.9911,-6.8401,63.05,70,100,10.36
333,Gumdag,TM,4/2/2022 18:35,39.2061,54.5906,70.74,22,0,11.14
334,Povazska Bystrica,SK,4/2/2022 18:35,49.1215,18.4217,37.02,74,100,11.01
335,Athni,IN,4/2/2022 18:35,16.7333,75.0667,79.05,57,34,13.13
336,Emborion,GR,4/2/2022 18:35,40.4833,21.55,44.96,78,7,4.59
337,Mumbwa,ZM,4/2/2022 18:35,-14.9783,27.0619,64.15,91,5,2.59
338,Loanda,AO,4/2/2022 18:35,-8.8368,13.2343,78.8,89,40,8.05
339,Mabaruma,GY,4/2/2022 18:35,8.2,-59.7833,79.02,89,64,5.84
340,Xichang,CN,4/2/2022 18:35,27.8964,102.2634,46.99,87,74,2.39
341,Iquique,CL,4/2/2022 18:30,-20.2208,-70.1431,70.29,66,6,7.25
342,Margate,GB,4/2/2022 18:30,51.3813,1.3862,42.31,59,7,8.99
343,Voh,NC,4/2/2022 18:35,-20.9667,164.7,77.27,92,100,4.41
344,Great Falls,US,4/2/2022 18:33,47.5002,-111.3008,55.17,30,0,17.27
345,Uyemskiy,RU,4/2/2022 18:35,64.4743,40.8524,23.05,63,20,4.47
346,Tacuarembo,UY,4/2/2022 18:35,-31.7333,-55.9833,74.1,42,0,8.77
347,Hamilton,US,4/2/2022 18:35,39.1834,-84.5333,51.98,53,0,8.05
348,Kahului,US,4/2/2022 18:35,20.8947,-156.47,75.85,74,40,18.41
349,Kargil,IN,4/2/2022 18:35,34.5667,76.1,28.54,87,97,2.8
350,Koslan,RU,4/2/2022 18:35,63.4564,48.8989,11.35,96,94,2.8
351,Guerrero Negro,MX,4/2/2022 18:35,27.9769,-114.0611,67.24,53,7,11.97
352,Acarau,BR,4/2/2022 18:35,-2.8856,-40.12,80.73,83,55,12.1
353,Kandrian,PG,4/2/2022 18:35,-6.2167,149.55,75.31,89,99,4.9
354,Bobrovka,RU,4/2/2022 18:35,54.047,61.7455,38.98,88,100,13.29
355,Lasa,IT,4/2/2022 18:35,46.6166,10.7002,34.68,94,100,7
356,Hillsborough,US,4/2/2022 18:35,37.5741,-122.3794,70.99,64,75,1.99
357,Jabinyanah,TN,4/2/2022 18:35,35.035,10.9081,60.6,61,100,8.48
358,Sines,PT,4/2/2022 18:35,37.9562,-8.8698,61.29,34,100,7
359,Adiake,CI,4/2/2022 18:35,5.2863,-3.304,80.19,83,25,6.85
360,Banda Aceh,ID,4/2/2022 18:35,5.5577,95.3222,79.56,81,100,4.12
361,Saint-Pierre,RE,4/2/2022 18:35,-21.3393,55.4781,75.29,88,100,4.61
362,Kazachinskoye,RU,4/2/2022 18:35,57.6953,93.2761,16.12,95,12,5.28
363,Nagato,JP,4/2/2022 18:35,34.3833,131.2,37.2,61,0,6.8
364,Muzhi,RU,4/2/2022 18:35,65.3667,64.6667,5.02,88,32,6.55
365,Mahajanga,MG,4/2/2022 18:35,-15.7167,46.3167,77.02,88,20,3.44
366,Haapiti,PF,4/2/2022 18:35,-17.5667,-149.8667,82.13,73,79,11.74
367,Arti,RU,4/2/2022 18:35,56.4234,58.5328,33.89,100,100,2.28
368,Usinsk,RU,4/2/2022 18:35,65.9939,57.5281,11.48,91,89,6.87
369,Port-Cartier,CA,4/2/2022 18:35,50.0334,-66.8654,39.31,81,99,19.55
370,Asyut,EG,4/2/2022 18:36,27.181,31.1837,89.78,5,100,10.51
371,Sao Joao Da Barra,BR,4/2/2022 18:36,-21.6403,-41.0511,87.89,77,18,10.22
372,Amarante Do Maranhao,BR,4/2/2022 18:36,-5.5667,-46.7422,84.09,70,31,5.97
373,Guaruja,BR,4/2/2022 18:36,-23.9931,-46.2564,71.89,26,100,9.22
374,Kavaratti,IN,4/2/2022 18:36,10.5669,72.642,82.69,72,8,4.79
375,Eyl,SO,4/2/2022 18:36,7.9803,49.8164,79.59,77,68,10
376,Ahipara,NZ,4/2/2022 18:36,-35.1667,173.1667,62.37,90,100,3.02
377,Veraval,IN,4/2/2022 18:36,20.9,70.3667,77.29,83,0,8.84
378,Kiama,AU,4/2/2022 18:36,-34.6833,150.8667,62.38,83,98,8.99
379,Soria,ES,4/2/2022 18:36,41.6667,-2.6667,33.12,94,8,6.67
380,Bintulu,MY,4/2/2022 18:36,3.1667,113.0333,77.41,94,40,5.99
381,Carlisle,US,4/2/2022 18:36,40.2015,-77.1889,53.51,39,0,1.01
382,Adrar,MR,4/2/2022 18:36,20.5022,-10.0711,86.11,11,51,6.93
383,Ambilobe,MG,4/2/2022 18:36,-13.2,49.05,73.35,95,0,2.24
384,Kaitangata,NZ,4/2/2022 18:36,-46.2817,169.8464,49.41,93,32,6.78
385,Port Hardy,CA,4/2/2022 18:36,50.6996,-127.4199,44.78,87,100,12.66
386,Riyadh,SA,4/2/2022 18:35,24.6877,46.7219,82.54,11,97,6.67
387,Pouembout,NC,4/2/2022 18:36,-21.1333,164.9,77.43,92,100,4.09
388,Mazagao,BR,4/2/2022 18:36,-0.115,-51.2894,82.45,78,98,6.58
389,Viedma,AR,4/2/2022 18:36,-40.8135,-62.9967,79.65,18,3,27.31
390,College,US,4/2/2022 18:36,64.8569,-147.8028,15.75,52,100,6.91
391,Mednogorsk,RU,4/2/2022 18:36,51.4128,57.595,35.49,99,100,4.76
392,Vardo,NO,4/2/2022 18:36,70.3705,31.1107,26.62,70,100,3.94
393,Kushima,JP,4/2/2022 18:36,31.4583,131.2333,48.79,76,100,7.29
394,Tura,IN,4/2/2022 18:36,25.5198,90.2201,70.5,88,4,4
395,Tisul,RU,4/2/2022 18:36,55.7611,88.3122,25.59,97,100,2.06
396,Altay,CN,4/2/2022 18:36,47.8667,88.1167,34.95,52,86,8.68
397,Leningradskiy,RU,4/2/2022 18:36,69.3833,178.4167,-8.66,98,100,9.22
398,Alta Floresta,BR,4/2/2022 18:36,-9.8756,-56.0861,85.82,70,100,2.3
399,Sisimiut,GL,4/2/2022 18:36,66.9395,-53.6735,32.58,85,100,4.14
400,Hwange,ZW,4/2/2022 18:36,-18.3693,26.5019,70.3,68,3,3.69
401,Laiwu,CN,4/2/2022 18:35,36.1928,117.6569,45.73,56,1,3.33
402,Aklavik,CA,4/2/2022 18:36,68.2191,-135.0107,-14.8,70,0,2.3
403,Seybaplaya,MX,4/2/2022 18:36,19.65,-90.6667,90.55,50,64,6.55
404,Vaulx-En-Velin,FR,4/2/2022 18:36,45.7833,4.9333,37.29,87,75,19.57
405,Heide,DE,4/2/2022 18:36,54.2,9.1,38.1,73,95,5.06
406,Nanortalik,GL,4/2/2022 18:36,60.1432,-45.2371,37.17,94,100,9.24
407,Vagamo,NO,4/2/2022 18:36,61.8751,9.0967,23.68,87,100,6.55
408,Vigrestad,NO,4/2/2022 18:36,58.5667,5.7,39.58,78,100,17.11
409,Cayenne,GF,4/2/2022 18:36,4.9333,-52.3333,80.1,1,75,7
410,Shar,KZ,4/2/2022 18:36,49.5886,81.0453,31.33,98,100,3.78
411,Hermsdorf,DE,4/2/2022 18:36,50.9,11.8667,36.34,64,100,9.66
412,Tazovskiy,RU,4/2/2022 18:36,67.4667,78.7,-2.96,100,83,6.62
413,Amazar,RU,4/2/2022 18:36,53.858,120.875,25.18,97,100,3.02
414,Mongomo,GQ,4/2/2022 18:36,1.6274,11.3135,72.64,82,99,2.82
415,Krasnyy Luch,UA,4/2/2022 18:36,48.1395,38.9371,50.43,75,0,19.82
416,Erdotelek,HU,4/2/2022 18:36,47.6833,20.3167,36.12,99,100,5.41
417,Baisha,CN,4/2/2022 18:37,26.5222,110.9311,51.12,78,0,0.81
418,Solvychegodsk,RU,4/2/2022 18:37,61.3305,46.9156,18.99,93,100,5.28
419,Vilhena,BR,4/2/2022 18:35,-12.7406,-60.1458,82.62,69,40,11.5
420,Huarmey,PE,4/2/2022 18:37,-10.0681,-78.1522,75.18,71,100,11.21
421,Richards Bay,ZA,4/2/2022 18:37,-28.783,32.0377,73.06,93,100,6.35
422,Kambove,CD,4/2/2022 18:37,-10.8764,26.5969,61.88,96,68,2.06
423,Tecoanapa,MX,4/2/2022 18:37,16.5167,-98.75,83.88,47,93,10.33
424,Ambunti,PG,4/2/2022 18:37,-4.2365,142.8448,71.89,99,62,0.51
425,Shingu,JP,4/2/2022 18:37,33.7333,135.9833,50.61,92,100,9.98
426,Vilyuysk,RU,4/2/2022 18:37,63.7553,121.6247,-4.81,100,87,2.44
427,Walvis Bay,NA,4/2/2022 18:37,-22.9575,14.5053,58.15,88,0,8.05
428,San Luis,AR,4/2/2022 18:37,-33.295,-66.3356,74.1,25,0,14.43
429,Melo,UY,4/2/2022 18:37,-32.3667,-54.1833,75.65,36,0,7.45
430,Innisfail,AU,4/2/2022 18:37,-17.5333,146.0333,72.81,90,100,4.29
431,Namibe,AO,4/2/2022 18:37,-15.1961,12.1522,71.28,84,100,8.16
432,Russellville,US,4/2/2022 18:37,35.2784,-93.1338,66.97,62,0,8.05
433,Neuquen,AR,4/2/2022 18:37,-38.9516,-68.0591,78.69,31,0,2.3
434,Buala,SB,4/2/2022 18:37,-8.145,159.5921,79.3,83,99,6.85
435,Gushikawa,JP,4/2/2022 18:37,26.3544,127.8686,63.63,88,75,4.61
436,Xining,CN,4/2/2022 18:37,36.6167,101.7667,39.31,37,5,2.3
437,Panaba,MX,4/2/2022 18:37,21.2833,-88.2667,100.24,26,92,13.04
438,Nago,JP,4/2/2022 18:37,26.5881,127.9761,61.23,77,100,10
439,Nhamunda,BR,4/2/2022 18:37,-2.1861,-56.7131,84.92,77,100,2.8
440,Phangnga,TH,4/2/2022 18:37,8.4509,98.5298,75.24,95,100,3.67
441,Scarborough,GB,4/2/2022 18:38,54.2797,-0.4044,41.67,81,6,3
442,Turukhansk,RU,4/2/2022 18:38,65.8167,87.9833,4.6,99,98,2.55
443,Milkovo,RU,4/2/2022 18:33,54.7167,158.6167,11.75,86,100,3.94
444,Taksimo,RU,4/2/2022 18:33,56.3444,114.8794,25,94,100,1.21
445,Bairiki,KI,4/2/2022 18:38,1.3292,172.9752,80.6,89,40,8.05
446,Clearwater,US,4/2/2022 18:33,27.9659,-82.8001,82.38,85,100,13.8
447,Saldanha,ZA,4/2/2022 18:38,-33.0117,17.9442,69.85,71,0,16.96
448,Umm Lajj,SA,4/2/2022 18:35,25.0213,37.2685,84.29,29,9,6.62
449,Kadoma,JP,4/2/2022 18:38,34.7333,135.5833,49.98,74,75,5.75
450,Inhambane,MZ,4/2/2022 18:38,-23.865,35.3833,78.78,83,20,11.5
451,Igarka,RU,4/2/2022 18:38,67.4667,86.5833,-5.89,100,100,3.4
452,Basco,PH,4/2/2022 18:38,20.4487,121.9702,74.52,81,100,31.29
453,Hambantota,LK,4/2/2022 18:38,6.1241,81.1185,77.34,100,20,3.44
454,Sur,OM,4/2/2022 18:35,22.5667,59.5289,82.9,39,61,8.48
455,Samarai,PG,4/2/2022 18:38,-10.6167,150.6667,80.55,76,100,9.66
456,Mirnyy,RU,4/2/2022 18:36,62.5353,113.9611,-6.86,100,100,3.85
457,Abu Dhabi,AE,4/2/2022 18:38,24.4667,54.3667,77.11,67,0,3.44
458,Mackenzie,CA,4/2/2022 18:38,55.2999,-123.1698,35.82,55,20,5.75
459,Nyurba,RU,4/2/2022 18:38,63.2842,118.3319,-4.65,100,100,3.13
460,Rock Springs,US,4/2/2022 18:38,41.5875,-109.2029,53.04,22,0,10.36
461,Santa Vitoria Do Palmar,BR,4/2/2022 18:38,-33.5189,-53.3681,70.79,44,1,9.8
462,San Jose,US,4/2/2022 18:34,37.3394,-121.895,71.53,55,75,5.75
463,Manono,CD,4/2/2022 18:38,-7.3,27.4167,71.53,92,98,3.06
464,Dubbo,AU,4/2/2022 18:39,-32.25,148.6167,42.93,100,4,2.3
465,Gelemso,ET,4/2/2022 18:39,8.8167,40.5167,66.94,54,65,3.65
466,Poum,NC,4/2/2022 18:39,-20.2333,164.0167,81.27,82,100,9.44
467,Half Moon Bay,US,4/2/2022 18:39,37.4636,-122.4286,71.82,64,75,1.01
468,Gorodets,RU,4/2/2022 18:39,56.6514,43.475,32.43,96,100,12.64
469,Imeni Poliny Osipenko,RU,4/2/2022 18:39,52.4201,136.4853,14.68,97,86,4.05
470,Vila Velha,BR,4/2/2022 18:39,-20.3297,-40.2925,87.75,74,20,13.8
471,Tulun,RU,4/2/2022 18:39,54.5611,100.5792,29.98,82,100,13.94
472,Sorland,NO,4/2/2022 18:39,67.667,12.6934,33.67,57,100,21.61
473,Talikota,IN,4/2/2022 18:39,16.4833,76.3167,88.32,29,6,12.77
474,Vaijapur,IN,4/2/2022 18:39,19.9167,74.7333,86.29,17,100,11.18
475,Ilhabela,BR,4/2/2022 18:38,-23.7781,-45.3581,74.01,92,100,10.67
476,Beringovskiy,RU,4/2/2022 18:39,63.05,179.3167,8.15,93,100,12.35
477,Omsukchan,RU,4/2/2022 18:39,62.5333,155.8,-1.66,99,100,2.77
478,Zhangye,CN,4/2/2022 18:39,38.9342,100.4517,46.47,16,0,1.43
479,Pacific Grove,US,4/2/2022 18:38,36.6177,-121.9166,64.38,84,40,5.99
480,Saint Anthony,US,4/2/2022 18:39,45.0205,-93.218,51.85,54,20,13.8
481,Concepcion,CL,4/2/2022 18:39,-36.827,-73.0498,60.6,94,100,9.22
482,Darab,IR,4/2/2022 18:39,28.7519,54.5444,72,15,0,6.87
483,Nsukka,NG,4/2/2022 18:39,6.8561,7.3927,84.11,50,99,12.21
484,Zaysan,KZ,4/2/2022 18:39,47.4667,84.8667,41.02,62,0,1.74
485,Price,US,4/2/2022 18:39,39.5994,-110.8107,60.12,22,0,6.91
486,Ixtapa,MX,4/2/2022 18:39,20.7,-105.2,88.38,37,7,8.25
487,San Lazaro,BZ,4/2/2022 18:39,18.0387,-88.6622,92.19,42,0,12.33
488,Bonthe,SL,4/2/2022 18:39,7.5264,-12.505,76.46,89,100,13.22
489,Pokhara,NP,4/2/2022 18:39,28.2333,83.9833,70.21,68,86,3.15
490,Ugoofaaru,MV,4/2/2022 18:39,5.6667,73,82.87,71,5,2.57
491,Maradi,NE,4/2/2022 18:39,13.5,7.1017,97.02,6,0,0
492,Logrono,ES,4/2/2022 18:39,42.4667,-2.45,40.5,70,0,8.05
493,Jonkoping,SE,4/2/2022 18:36,57.7814,14.1562,30.38,59,11,3.44
494,Marawi,PH,4/2/2022 18:39,7.9986,124.2928,68.32,97,100,1.12
495,Bhadrak,IN,4/2/2022 18:39,21.0633,86.5054,76.95,91,5,4.16
496,Trelew,AR,4/2/2022 18:39,-43.249,-65.3051,83.79,18,10,18.48
497,Te Karaka,NZ,4/2/2022 18:39,-38.4654,177.8679,57.47,98,89,0.96
498,Grafton,US,4/2/2022 18:39,42.207,-71.6856,53.19,30,0,11.5
499,Palmer,US,4/2/2022 18:39,42.1584,-72.3287,52.25,27,40,9.22
500,Sept-Iles,CA,4/2/2022 18:35,50.2001,-66.3821,39.63,64,75,20.71
501,San Patricio,US,4/2/2022 18:39,28.017,-97.5169,87.87,47,0,8.01
502,Carmen,MX,4/2/2022 18:39,18.6333,-91.8333,87.35,64,66,5.77
503,Manali,IN,4/2/2022 18:39,13.1667,80.2667,84.29,90,6,9.48
504,Bara,NG,4/2/2022 18:39,10.3744,10.7288,87.31,8,100,0.31
505,North Bend,US,4/2/2022 18:39,43.4065,-124.2243,57.24,79,0,3.44
506,Naron,ES,4/2/2022 18:39,43.5167,-8.1528,52.65,65,4,12.39
507,Hengshui,CN,4/2/2022 18:39,37.7322,115.7011,45.45,39,0,6.51
508,Banes,CU,4/2/2022 18:40,20.9625,-75.7186,85.5,58,1,14.67
509,Joshimath,IN,4/2/2022 18:40,30.5667,79.5667,53.96,45,0,6.53
510,Terrace,CA,4/2/2022 18:40,54.5163,-128.6035,39.11,100,100,6.91
511,Kulachi,PK,4/2/2022 18:40,31.9286,70.4592,84.29,7,0,9.73
512,Mantua,IT,4/2/2022 18:40,45.1667,10.7833,47.35,80,100,1.99
513,Carrigaline,IE,4/2/2022 18:37,51.8117,-8.3986,47.95,76,75,5.75
514,Atagay,RU,4/2/2022 18:40,55.1033,99.3875,29.12,90,100,8.72
515,Kutoarjo,ID,4/2/2022 18:40,-7.7169,109.9128,76.33,89,93,1.95
516,Nanakuli,US,4/2/2022 18:40,21.3906,-158.1547,78.75,62,40,8.05
517,Asmara,ER,4/2/2022 18:39,15.3333,38.9333,60.51,56,14,4.54
518,West Fargo,US,4/2/2022 18:39,46.875,-96.9004,37.4,60,100,14.97
519,Yizheng,CN,4/2/2022 18:40,24.6706,103.4296,38.01,95,38,2.3
520,Pontianak,ID,4/2/2022 18:37,-0.0333,109.3333,76.98,94,100,2.3
521,Port Blair,IN,4/2/2022 18:40,11.6667,92.75,84.24,74,40,3.44
522,Dingle,PH,4/2/2022 18:40,10.9995,122.6711,75.6,84,100,7.07
523,San Lorenzo,PY,4/2/2022 18:40,-25.3333,-57.5333,77.94,65,100,8.05
524,Musoma,TZ,4/2/2022 18:40,-1.5,33.8,70.38,75,100,10.42
525,Ovalle,CL,4/2/2022 18:40,-30.5983,-71.2003,77.49,40,0,7.07
526,Benghazi,LY,4/2/2022 18:40,32.1167,20.0667,65.32,52,100,3.02
527,Sao Jose Da Coroa Grande,BR,4/2/2022 18:40,-8.8978,-35.1478,82.24,68,17,7.63
528,Cam Ranh,VN,4/2/2022 18:40,11.9214,109.1591,78.76,65,40,17.27
529,El Reno,US,4/2/2022 18:40,35.5323,-97.955,67.64,48,0,12.66
530,Reconquista,AR,4/2/2022 18:40,-29.15,-59.65,76.46,42,43,7.47
531,Jumla,NP,4/2/2022 18:40,29.2747,82.1838,48.16,68,0,4.45
532,Kholodnyy,RU,4/2/2022 18:40,62.7167,147.95,-8.23,95,99,3.2
533,Kazanskoye,RU,4/2/2022 18:40,55.6448,69.235,34.05,99,100,9.31
534,Boca Do Acre,BR,4/2/2022 18:40,-8.7522,-67.3978,84.06,55,100,0.38
535,Sigli,ID,4/2/2022 18:40,5.3848,95.9609,79.36,83,100,4
536,Nushki,PK,4/2/2022 18:40,29.5542,66.0215,71.46,12,0,5.57
537,Ust-Maya,RU,4/2/2022 18:40,60.4167,134.5333,18,96,100,3.31
538,Healdsburg,US,4/2/2022 18:40,38.6105,-122.8692,75.97,46,20,4.61
539,Baganga,PH,4/2/2022 18:40,7.5739,126.56,75.9,93,100,4.99
540,Adet,ET,4/2/2022 18:40,11.2644,37.4888,71.06,37,100,10.36
541,Griffith,US,4/2/2022 18:40,41.5284,-87.4237,47.03,69,100,12.66
542,Byumba,RW,4/2/2022 18:40,-1.5763,30.0675,57.4,85,95,3.33
543,Lingao,CN,4/2/2022 18:40,19.9103,109.6859,61.48,85,100,11.1
544,Vestmannaeyjar,IS,4/2/2022 18:40,63.4427,-20.2734,45.59,100,40,18.41
545,Bay City,US,4/2/2022 18:38,43.5945,-83.8889,43.12,57,0,4.61
546,Cassilandia,BR,4/2/2022 18:40,-19.1133,-51.7342,83.05,61,25,4.29
547,Kudahuvadhoo,MV,4/2/2022 18:40,2.6708,72.8944,82.81,69,69,1.25
548,Nurota,UZ,4/2/2022 18:40,40.5614,65.6886,58.5,38,0,7.05
549,Kharan,PK,4/2/2022 18:40,28.5833,65.4167,78.69,8,0,11.7
550,Aden,YE,4/2/2022 18:36,12.7794,45.0367,81.79,66,5,12.88
551,Itupiranga,BR,4/2/2022 18:40,-5.1347,-49.3267,91.72,71,34,3.36
552,High Prairie,CA,4/2/2022 18:40,55.4334,-116.4858,42.4,52,5,13.62
553,Parkersburg,US,4/2/2022 18:40,39.2667,-81.5615,55.36,38,0,3.44
554,Mayo,US,4/2/2022 18:41,38.8876,-76.5119,58.12,45,0,14
555,Majene,ID,4/2/2022 18:41,-3.5403,118.9707,76.91,87,75,2.53
556,Limbang,MY,4/2/2022 18:41,4.75,115,78.91,97,100,2.06
557,Baykit,RU,4/2/2022 18:41,61.67,96.37,4.78,99,100,3.15
558,Mogadishu,SO,4/2/2022 18:41,2.0371,45.3438,81.88,81,84,16.55
559,Shestakovo,RU,4/2/2022 18:41,56.4915,103.96,21.45,90,99,10.45
560,Maceio,BR,4/2/2022 18:40,-9.6658,-35.7353,85.44,58,20,10.36
561,Egvekinot,RU,4/2/2022 18:41,66.3167,-179.1667,-9.83,88,23,15.59
562,Khartoum,SD,4/2/2022 18:38,15.5518,32.5324,94.01,20,6,10.16
563,Jever,DE,4/2/2022 18:41,53.5833,7.9,38.01,60,39,10.25
564,Galle,LK,4/2/2022 18:41,6.0367,80.217,79.05,81,21,1.95
565,Gazojak,TM,4/2/2022 18:41,41.1875,61.4036,66.07,23,100,11.23
566,Buin,CL,4/2/2022 18:41,-33.7333,-70.75,79.05,16,0,9.01
567,Santarem,BR,4/2/2022 18:41,-2.4431,-54.7083,84.33,79,20,6.91
568,Peace River,CA,4/2/2022 18:38,56.2501,-117.286,43.11,56,75,20.71
569,Santa Cruz,BO,4/2/2022 18:41,-17.8,-63.1667,80.65,39,20,2.3
570,Viking,CA,4/2/2022 18:41,53.1001,-111.7684,40.86,58,100,3.4
571,Coahuayana,MX,4/2/2022 18:41,18.7333,-103.6833,86.83,42,83,7.74
572,San Pedro,PH,4/2/2022 18:41,14.35,121.0167,78.03,72,20,3.44
573,Otane,NZ,4/2/2022 18:41,-39.8833,176.6333,55,97,17,1.68
574,Cravo Norte,CO,4/2/2022 18:41,6.3017,-70.2041,93.78,35,100,3.6
